-- phpMyAdmin SQL Dump
-- version 5.2.1
-- https://www.phpmyadmin.net/
--
-- Servidor: 127.0.0.1
-- Tiempo de generación: 30-10-2024 a las 11:36:19
-- Versión del servidor: 8.1.0
-- Versión de PHP: 8.2.12

SET SQL_MODE = "NO_AUTO_VALUE_ON_ZERO";
START TRANSACTION;
SET time_zone = "+00:00";


/*!40101 SET @OLD_CHARACTER_SET_CLIENT=@@CHARACTER_SET_CLIENT */;
/*!40101 SET @OLD_CHARACTER_SET_RESULTS=@@CHARACTER_SET_RESULTS */;
/*!40101 SET @OLD_COLLATION_CONNECTION=@@COLLATION_CONNECTION */;
/*!40101 SET NAMES utf8mb4 */;

--
-- Base de datos: `cobeer_migtest`
--

-- --------------------------------------------------------

--
-- Estructura de tabla para la tabla `articulo`
--

CREATE TABLE `articulo` (
  `id` int UNSIGNED NOT NULL,
  `titulo` varchar(50) NOT NULL,
  `descripcion` varchar(255) DEFAULT NULL,
  `autor` varchar(50) DEFAULT NULL,
  `texto` text,
  `fechaCreacion` datetime DEFAULT NULL,
  `idDepartamento` int UNSIGNED NOT NULL,
  `tags` varchar(255) DEFAULT NULL,
  `indBaja` int DEFAULT '0'
) ENGINE=InnoDB DEFAULT CHARSET=utf8mb4 COLLATE=utf8mb4_general_ci;

--
-- Volcado de datos para la tabla `articulo`
--

INSERT INTO `articulo` (`id`, `titulo`, `descripcion`, `autor`, `texto`, `fechaCreacion`, `idDepartamento`, `tags`, `indBaja`) VALUES
(30, 'Com publicar un article a la web de CoBeer', 'Publicar un article a la web de CoBeer és una excel·lent manera de compartir les teves experiències i coneixements amb altres amants de la cervesa artesana. ', 'Albert Guardiola', '<p>Si ets un amant de la cervesa artesana i t\'agradaria compartir les teves opinions i coneixements amb altres aficionats, la web de CoBeer &eacute;s un gran lloc per publicar els teus articles.</p>\r\n<p>Per publicar-hi un article, segueix aquests senzills passos: Registra\'t a la web de CoBeer i inicia la sessi&oacute;.&nbsp;</p>\r\n<p>Fes clic a l\'enlla&ccedil; \"Publica un article\" que es troba a la part superior de la p&agrave;gina. Escriu el t&iacute;tol del teu article i el contingut en el quadre de text proporcionat. Pots afegir imatges i v&iacute;deos per il&middot;lustrar el teu article. Revisa el teu article per assegurar-te que no hi ha errors ortogr&agrave;fics ni gramaticals i que el contingut &eacute;s coherent. Fes clic al bot&oacute; \"Publicar\" per enviar el teu article per a la revisi&oacute; dels editors de CoBeer. Espera a rebre un correu electr&ograve;nic de confirmaci&oacute; que el teu article ha estat publicat a la p&agrave;gina web. Publicar un article a la web de CoBeer &eacute;s una excel&middot;lent manera de compartir les teves experi&egrave;ncies i coneixements amb altres amants de la cervesa artesana. <strong>Si tens alguna pregunta o necessites ajuda per publicar el teu article, no dubtis a contactar amb els editors de CoBeer per obtenir assist&egrave;ncia</strong>.</p>', '2024-06-26 15:14:00', 5, '#cobeer,#etpx', 1),
(54, 'INGREDIENTS', 'Aliments que conforman la cervesa ', 'Darío', '-Malta: La malta és un cereal derivat de l\'ordi o el blat, té un gran contingut de carbohidrats, proteïnes i vitamines essencials per a una alimentació nutritiva, a més a més és font d\'energia per a l\'organisme.\r\n-Cereals maltejats\r\n-Aigua: l’Aigua representa entre 85%-92% de la cervesa \r\n-Llevats: Substància fermentada que provoca alhora la fermentació d\'una altra amb què es barreja\r\n-Aromatitzants\r\n1)	Llúpol: Els llúpols són les parts seques i amb flors de la planta del llúpol (Humulus lupulus), comunament utilitzades en l\'elaboració de cervesa. Tenen evidència limitada de beneficis per a la salut.\r\n2)	La pell de taronja o pètals de rosa també es poden utilitzar como aromatitzants\r\n', '2023-04-20 15:04:00', 2, '#ingredientes,#proceselaboraciócervesa,#cervesaartesana', 0),
(55, 'EL MOMENT DE L\'AROMATITZACIÓ', 'El bullit és una part crucial del procés de fabricació de la cervesa que ajuda a garantir la desinfecció i l\'aromatització adequades del producte fina', 'Ailin', 'El bullit és una fase crucial en la fabricació de cervesa, ja que és durant aquest procés que es produeix la conversió del most en cervesa. En aquesta etapa, el most s’escalfa fins al punt d’ebullició, generalment durant una hora o més, mentre s’afegeixen diferents ingredients per donar sabor i aroma a la cervesa. Aquest procés ajuda a esterilitzar la cervesa, eliminant qualsevol bacteri o microorganismes que pugui afectar a la seva qualitat.\r\n\r\nL’aromatització és una part important del procés de bullit, ja que és aquí on s’afegeixen els diferents llúpols, maltes, herbes i altres ingredients que donen a la cervesa el seu caràcter distintiu. El llúpol és l’ingredient clau en la majoria de les cerveses, ja que no només aporta sabor i aroma, sinó que també ajuda a preservar la cervesa i a controlar la seva espuma.\r\n\r\nEl llúpol és delicat, perd els seus volàtils ràpidament, per això, cal usar-lo fresc, pocs mesos després de la collita o bé usar els derivats de la seva conservació, tot i que sempre és podrán característiques. És important mantenir-los en refrigeració per evitar-ne la pèrdua de volàtils. Menys de 4ºC, sense oxigen i sense llum.\r\n\r\nDurant el bullit, els llúpols són afegits a la mescla i són bullits durant un període de temps específic. Això ajuda a alliberar els àcids amargs i aromes de llúpol que són responsables del sabor característic de la cervesa.\r\n\r\n', '2023-04-20 15:04:00', 2, '#Bullit i aromatització ', 0),
(56, 'LA DIFERÈNCIA ENTRE COLORS', 'Aquest procés es realitza amb l\'objectiu de donar-li color i aroma a la cervesa final', 'Miruna Anamaria Pitorac', 'El torrat és la segona etapa del maltejat. ano\r\n\r\nPer dur a terme el torrat, es necessiten unes torradores, per a torrar la malta.\r\n\r\nHi ha diferents tipus de maltes, hi trobem les seques, en gra, els extractes secs de maltes i les maltes humides i els extractes humits i concentrats.\r\n\r\nCada una d\'elles té un tipus de coloració, que serà la que determinarà el color de la cervesa. Per a veure la coloració es fa servir una escala de coloració de cerveses, anomenada Lovibond, L0 .\r\n\r\n\r\n', '2023-04-20 15:04:00', 2, ' #torrat,#procéselaboraciócervesa,#cervesaartesana,#maltesicolors', 0),
(57, 'MOLTURACIÓ ', 'La mòlta és un procés important, d\'aquest depèn coses com la fermentació, gust i aroma.', 'Juliana Guerrero', 'La moltura és un procés necessari perquè tots els elements tinguin estiguin per igual de mida, duresa i capes, ja que hi solen haver de diferents mides i això pot retardar-nos el procés. Aquí en aquest procés facilitem molint els grans, per tornar-los d\'una mida igual i en fer això el midó allibera les seves cadenes per posteriorment convertir-se en glucosa. \r\n\r\nEl resultat que esperem en una mòlta més fina i quan ens surt així és bo ja que allibera més sucre , però el salvat ha d\'estar el més complet possible per a l\'hora del filtratge. \r\n\r\nEn aquest procés de per si ja implica que el gra perd part de les glucoses del midó per un excés de respiració, combustió i per tant, disminuir la capacitat d’una bona fermentació posterior, també es perden volàtils, substàncies que donen gust i una aroma.\r\n\r\nLa mòlta és important que es realitzi en el moment just, quan es va utilitzar.\r\n\r\n', '2023-04-20 15:04:00', 2, '#mòlta #procéselaboraciócervesa, #cervesaartesana.', 0),
(58, 'MACERACIÓ', 'Barrejar els cereals maltejats amb l\'aigua per aconseguir que tots els materials, aminoàcids o altres productes es dissolguin en aigua donant el most.', 'Mikella Chunga', 'S\'activarà o inhibiran algun enzims en funció de la temperatura i del temps, i a partir d\'això donarà lloc una major hidròlisi i alliberament de glucoses, important per la fermentació perquè hi trobarem que es convertirà en l\'alcohol o CO₂, un altre cas és que no s\'arribi a hidrolitzar, les dextrines, quines formaran part del sabor, en major o menor dolçor, depenent del fragment en el cos de la cervesa.\r\nTipus de maceració simple. \r\nLa maceració feta en una franja de temperatura, per tant, és més senzilla d\'elaborar. Al principi la temperatura es de 55º per augmentar-la fins a 65-75°\r\nMaceració escalonada. La maceració es feta en diverses etapes i cadascuna es fa en diferents franges de temperatures. A causa de la diferència de franges pot donar lloc a diferents resultats dels matisos de la cervesa.\r\nDoble maceració. Provoca una separació per part del macerta mentre que una de les parts es bull i es torna a barrejar a un altra franja de temperatura. (50º-70º)\r\nTriple maceració. S\'inicia a una temperatura més baixa (35ºC), es separa part del macerat , s\'incrementa la temperatura (70ºC) es baixa a 53ºC; es torna a separar part del macerat i es puja la temperatura fins a 65ºC; es separa la tercera part del macerat restant i es puja la temperatura fins a 70ºC; finalment l\'ebullició\r\nUna maceració feta en una franja de temperatura més elevada (>70º) dona a la cervesa un sabor més dolç, a diferència d\'una cervesa feta amb una temperatura inferior a 65º que sortirà una cervesa seca, menysdolça i amb un cos lleuger.\r\nUn factor important també es el pH, el qual afecta l\'activitat enzimàtica, tot i que també afectara la dissolució dels components del llúpol o als mateixos llevats durant la fermentació.\r\n\r\n', '2023-04-20 15:04:00', 2, '#maceració,#procéselaboraciócervesa,#cervesaartesana,#microbiologia', 0),
(59, 'LA FERMENTACIÓ', 'La fermentació és el procés que atorga l\'etanol i el CO2 tan característics de la cervesa.', 'Nerea Garcia', 'És el procés de descomposició de la matèria orgànica que té lloc en absència d’oxigen. És produïda per bacteris i fongs inoculats, i apareixen substàncies més simples com són l\'àcid orgànic, l’alcohol i el gas.\r\n\r\nEls llevats més utilitzats per a realitzar la fermentació alcohòlica en productes alimentaris són espècies del gènere Saccharomyces (Saccharomyces cerevisae, Saccharomyces calbergensis) i Brettanomyces.\r\n\r\nAbans d’iniciar el procés de fermentació, cal oxigenar el most. Hi ha diferents mètodes per realtizar aquesta tasca;Splashing, que consisteix en transvassar el most esquitxant-lo al fermentador, Agitar el most amb la pala o moure’l enèrgicament o utilitzar un oxigenador de most.\r\n\r\nTot seguit s’ha d’escampar el llevat per sobre del most, posar la tapa i col·locar l’airlock.\r\nLa fermentació comença a les 12-24 hores i, generalment, dura de 4 a 15 dies, tot i que el temps de fermentació depèn molt del llevat que s’utilitzi:\r\n\r\nSaccharomyces cerevisae realitza fermentacions ràpides (3 dies) a 18-22ºC\r\nSaccharomyces calbergensis realitza fermentacions lentes (7-14 dies) a 7-12ºC\r\n\r\nDurant aquest procès, cal que estigui en un lloc fosc i fresc amb temperatura estable. \r\nUna vegada el bombolleig a l’airlock es frena, podem considerar que s’ha aturat la fermentació. Tot i així, cal prendre mostres de densitat de forma més exacta i, si la densitat no varia en 48 hores, s’haurà acabat.\r\n', '2023-04-20 15:04:00', 2, '#fermentació,#procèselaboraciócervesa,#cervesaartesana,#inoculació,#Saccharomyces,#most,#Splashing,#Airlock', 0),
(60, 'REFREDAMENT I WHIRPOOL ', 'Baixar la temperatura es realitza per a evitar les contaminacions bacterianes, procurant la conservació del most. \r\n', 'Aurora Karla Guash Renedo', 'Refredat:\r\n\r\nAl acabar l’ebullició, cal baixar-ne la temperatura el més ràpid possible, per evitar les contaminacions bacterianes.  \r\n\r\nA més s\'aconsegueix l’anomenat “cold break”, que consisteix en la sediemtnació de sòlids, especialment proteïnes i tanins quan la temperatura baixa dels 60 graus, també limita la formació de Sulfur de dimetil (gust de blat de moro). \r\n\r\n\r\nSistemes de refredament:\r\n\r\nSerpentí: Es col·loca 10 minuts abans d’acabar l’ebullició (quan el most encara estigui bullint, d’aquesta manera s’esterilitza), s’hi fa passar aigua freda per anar refredant el líquid,   es passa fins que el most arriba a 20 graus. Després ja es pot aplicar el whirpool per clarificar el most. \r\n\r\nBany maria fred: Submergir l’olla a l’aigua freda i refrigerar-la per contacte. \r\n\r\nMètode australià: transvasar el most bullint al fermentador, deixar-lo un dia sencer ( o les hores necessàries) i tancar-lo hermèticament fins a refredar-se.  \r\n\r\n\r\nWhirpool:\r\n\r\nUna vegada fred el most, es remou de forma circular per crear un remolí, que provocarà que les partícules i sòlids s’acumulin al centre de la olla,  així per l’aixeta surt un most més clar. \r\n\r\n \r\nImportància:\r\n\r\nLa temperatura i la velocitat del refredament és el que permetrà que el most es conservi en un futur. ', '2023-04-20 15:04:00', 2, '#Refredament,#procéselaboraciócervesa,#cervesaartesana,#coldbreack,#serpentí,#whirpool ', 0),
(61, 'Envasat i embotellat', 'L’objectiu d’aquesta etapa de l’elaboració de la cervesa es evitar que entri oxigen a l’ampolla.\r\n', 'Mireia Marín Almarcha', 'En aquesta etapa simplement cal omplir les ampolles seguint un procès anomenat priming. Consisteix en acció mitjançant la qual donarem els nutrients als llevats per generar el CO2.\r\n\r\nA nivell casolà podem usar la dextrosa o sacarosa, poc recomanable la segona, la quantitat a afegir es entre 4g i 6g de sucre per litre aproximadament depenent de l’estil. Això ajuda a tornar a donar aliment suficient per generar CO2.\r\nCal dissoldre el sucre en aigua bullida. Al barrejar la cervesa amb el sucre, es remouen els llevats, es important evitar l’agitació, millor barrejar, deixar reposar i traspassar el líquid net a un altre fermentador. Després de mitja hora podràs embotellar. En aquest moment si cal evitar l’oxigen dins les ampolles, cal evitar l’oxigenació, i no generar escumes, és important utilitzar un instrument net, desinfectat i esterilitzat amb oxigen actiu.  Cal fer servir un tub de transvasament amb vàlvula.\r\n', '2023-04-20 15:04:00', 2, '#procèselaboraciócervesa,#cervesaartesana,#envasatiembotellat ', 0),
(62, 'FILTREM LES IMPURICIES!', 'Ara es el torn del filtat i rentat, pas en el que s’elimien les restes de farina, de grans i altres residus a la vegada que es recuperen alguns sucres', 'Anna Fernández', 'En aquest procés s’eliminen les restes de farina, ja que impliquen un most resultant tèrbol i augmenten l’astringència al bullir-les, també s’eliminen les restes de grans i es recupera el sucre generat durant la maceració. \r\n\r\nA partir de la cuba de filtració, que es un recipient amb una aixeta per evacuar el líquid, s’utilitza el mètode del lixiviat per filtrar l’aigua per la part superior i extreure-la per sota a través d’un filtre. \r\n\r\nPrimer es realitza la filtració en profunditat on es segueix passant el líquid de la maceració per formar el tortó de filtració i on cauen els fragments més pesats o més grans primerament i desprès el fragments cada cop més petits.\r\n\r\nDesprès es continua amb el refiltrat on es realitza la mateixa operació fins que el líquid no tingui sediments dispersos. Es aproximadament quan han recircuitat tres vegades el volum total de litres.\r\n\r\nA continuació es fa passar aigua neta per arrossegar i dissolvent el sucres. Aquesta aigua, que es estreta per sota, es el que s’anomena aigua de filtrat i cal que estigui a la temperatura suficient de 78ºC  per facilitat la dissolució.\r\n\r\nFinalment es realitza l’sparging, un esbandit per aprofitar els sucres del macerat, i augmentar el volum del líquid que es perd per les coccions i ebullicions.\r\n\r\n', '2023-04-20 15:04:00', 2, '#filtratirentat,#proceselavoraciocervesa,cervesaartesana,#eliminemimpureses', 0),
(63, 'Tast de Cervesa', 'En l’elaboració de cervesa,el tast és l’etapa final on s’analitza el resultat del nostre producte tenint en compte les característiques', 'Luis Manuel Barba Salomon', '\r\n\r\nEn aquest procés s’estudia:\r\n\r\n·L’aroma: Aquest pot variar per l’efecte de diversos factors com les matèries primes,el tipus de llevat utilitzat,els processos,el temps,les temperatures o l’emmagatzematge.\r\nL’aroma de la cervesa pot ser primari,com per exemple,àcid,químic,ranci o ensucrat entre d’altres. I dintre d’aquests aromes primaris podem trobar de secundaris, com per exemple, aroma a medicina,plàstic,alcohol o greixòs entre d’altres.\r\n\r\nEntenem aromes primaris com aquells bàsics que trobem a la cervesa, i els secundaris com aquells que aporten una descripció aromàtica més concreta.\r\n\r\n·Rodes de color EBC inicial (malta) i final (cervesa acabada):  Per analitzar el color de la cervesa, haurem de observar i determinar el valor adient en la taula EBC.\r\n\r\n·El gust: És important saber quin és el gust de la cervesa obtinguda i quins gustos secundaris pot tenir.\r\n\r\n·IBUS. Comparativa d’amargor: Per determinar l’amargor de la cervesa,caldrà aplicar la fórmula per a trobar els IBUS (Unitats d’Internacionals d’Amargor).\r\n\r\n\r\nPer últim, és important saber que cada saber que cada cervesa, necessita un vas adequat a les seves necessitats,determinades pel seu aroma,contingut de gas, contingut d’espuma. També és important no veure-la durant un temps per esbrinar quins aromes té\r\n', '2023-04-20 15:04:00', 2, '#tastdecervesa,#procèselaboraciócervesa,#cervesaartesana,#aromadecervesa', 0),
(64, 'EL MOMENT DE L\'AROMATITZACIÓ', 'El bullit és una part crucial del procés de fabricació de la cervesa que ajuda a garantir la desinfecció i l\'aromatització adequades del producte fina', 'Ailin', 'El bullit és una fase crucial en la fabricació de cervesa, ja que és durant aquest procés que es produeix la conversió del most en cervesa. En aquesta etapa, el most s’escalfa fins al punt d’ebullició, generalment durant una hora o més, mentre s’afegeixen diferents ingredients per donar sabor i aroma a la cervesa. Aquest procés ajuda a esterilitzar la cervesa, eliminant qualsevol bacteri o microorganismes que pugui afectar a la seva qualitat.\r\n\r\nL’aromatització és una part important del procés de bullit, ja que és aquí on s’afegeixen els diferents llúpols, maltes, herbes i altres ingredients que donen a la cervesa el seu caràcter distintiu. El llúpol és l’ingredient clau en la majoria de les cerveses, ja que no només aporta sabor i aroma, sinó que també ajuda a preservar la cervesa i a controlar la seva espuma.\r\n\r\nEl llúpol és delicat, perd els seus volàtils ràpidament, per això, cal usar-lo fresc, pocs mesos després de la collita o bé usar els derivats de la seva conservació, tot i que sempre és podrán característiques. És important mantenir-los en refrigeració per evitar-ne la pèrdua de volàtils. Menys de 4ºC, sense oxigen i sense llum.\r\n\r\nDurant el bullit, els llúpols són afegits a la mescla i són bullits durant un període de temps específic. Això ajuda a alliberar els àcids amargs i aromes de llúpol que són responsables del sabor característic de la cervesa.\r\n\r\n', '2023-04-20 15:04:00', 2, '#bullitiaromatització #procèselaboraciócervesa #cervesaartesana #sabor #aroma ', 0),
(65, 'MACERACIÓ', 'Barrejar els cereals maltejats amb l\'aigua per aconseguir que tots els materials, aminoàcids o altres productes es dissolguin en aigua donant el most.', 'Mikella Chunga', 'La maceració és un procés on es barregen els cereals maltejats amb l\'aigua per aconseguit que tots els materials, sucres, aminoàcids o altres productes es dissolguin en l\'aigua donant lloc al most.\r\nS\'activarà o inhibiran alguns enzims en funció de la temperatura i del temps, i a partir d\'això donarà lloc una major hidròlisi i alliberament de glucoses, important per la fermentació perquè hi trobarem que es convertirà en l\'alcohol o CO₂, un altre cas és que no s\'arribi a hidrolitzar, les dextrines, quines formaran part del sabor, en major o menor dolçor, depenent del fragment en el cos de la cervesa. Hi ha diferents mètodes de maceració que faran que sigui més fàcil o més difícil d\'elaborar.\r\nUna maceració feta en una franja de temperatura més elevada (>70°) dona a la cervesa un sabor més dolç, a diferència d\'una cervesa feta amb una temperatura inferior a 65° que sortirà una cervesa seca, menys dolça i amb un cos lleuger.\r\nUn factor crucial també és el pH, el qual afecta l\'activitat enzimàtica, tot i que també afectarà la dissolució dels components del llúpol o als mateixos llevats durant la fermentació. El més rellevant de la maceració és convertir el midó present al gra de la malta en sucres simples.', '2023-04-22 07:04:00', 2, '#maceració,#procéselaboraciócervesa,#cervesaartesana,#microbiologia', 0),
(69, 'FILTRACIÓ PER GRAVETAT', 'La finalitat es recuperar el residu de la mescla per utilitzar-la com a matèria prima en productes farmacèutics.\r\n\r\n', 'PRISCILA, WILLIAMS Y CHARI', 'El nostre contingut es una mostra heterogènia ja que els components son visibles e insolubles. \r\nEl estat físic de la nostra mostra es sòlid i líquid, per tant no es soluble.\r\n\r\nHem utilitzat:\r\n-Suport universal, cèrcol, vas de precipitats, embut cònic, bareta de vidre, filtre cònic i nou.\r\n\r\nProcediment:\r\nDesprés de tot el muntatge mullem el filtre abans de posar-lo al embut.\r\nBolquem el líquid amb l\'ajuda de la bareta de vidre per evitar esquitxades.\r\nDeixem que el líquid es filtri durant una estona.\r\nDesprés de unes hores recollim el tortó ja filtrat i el pesem. ', '2024-01-24 12:01:00', 3, '#CERVEZA #TORTO #FILTRACIO #SOLUBLE #AVOCAMIENT', 0),
(70, 'ENVASAT', 'En aquesta etapa realitzarem l\'envasat del producte final; la cervesa.', 'Nerea Garcia Muñoz', 'El procés d’envasat de la cervesa es basa en la distribució i la conservació d’aquesta en unes ampolles de vidre tancades amb una xapa. \r\nQuan hem arribat a aquest pas l’únic que queda és afegir dextrosa (6g/L) per a que els llevats disposin dels nutrients necessaris per a generar CO2, que és el que farà que la nostra cervesa tingui gas.\r\nAbans de poder abocar la cervesa en aquests envasos de vidre, ens hem d’assegurar que les ampolles no contenen cap substància o microorganisme que pugui afectar en el resultat de la cervesa, i és per això que hem de desinfectar correctament les ampolles amb un dissolvent.\r\nUna vegada hem desinfectat els envasos de vidre, s’han de deixar assecar per a que no hi hagin restes de desinfectant a la cervesa, ja que això tampoc seria bo pel resultat final de la cervesa i, a més, seria tòxic per al consumidor.\r\nEs important utilitzar un tub de transvasament amb vàlvula per a evitar la formació d’escuma i l’oxigenació dins de les ampolles.\r\nPer finalitzar aquest procediment s’han de tancar les ampolles amb una xapa, la qual farà que el contingut de l’ampolla pugui fermentar correctament sense que hi hagi perill de contaminació.\r\n', '2024-01-24 18:01:00', 2, '#envasat #cervesa #dextrosa #CO2 #desinfectar #cervesaartesana', 0),
(72, 'Maceració cervesa Pale Ale', 'En aquesta etapa el que fem es afegir els ingredients i barrejar-los amb aigua calenta per a que el midó es converteixi en sucres fermentables.', 'Mireia Marín Almarcha', 'La maceració és el procés en què barregem aigua calenta amb la malta prèviament mòlta la qual cosa gelatinitza els midons, extreu enzims naturals del malt, i converteix els midons en sucres fermentables.\r\n\r\nEn el nostre cas per poder realitzar la maceració vem afegir 15 litres d’aigua a una olla i la vem calentar-la a una temperatura de 66 graus, intentant que la temperatura no augmentes. \r\n\r\nQuan l’aigua va arribar a 66 graus, vem afegir els següents ingredient; 1300 g de malta Plisner, 115 g de malta de sègol, aquesta malta aporta una molt bona textura a la cervesa i, a més, ajuda a desnaturalitzar algunes de les mol·lècules de proteïna més enganxoses. També 115 g de malta de Crystall, l’adició d’aquesta malta proporciona una cervesa més dolça i afruitada, ja que alguns dels sucres que es produeixen no són fermentables. 1000 g de malta Munich aquesta malta aporta un gust molt dolç i molt característic, 1100g d’arròs integral i 150g de pellofa d’arròs. \r\n\r\nUna vegada introduïts els ingredients, amb una espàtula anem remenant la mescla durant 75’ mantenint una temperatura constant de 66 graus. La temperatura s’ha de mantenir constant per que els enzims no es morin, ja que a més temperatura aquests no poden treballar i per tant no es produiria la maceració. No obtendriem els sucres per més tard fer la fermentació.\r\n\r\n', '2024-01-24 18:01:00', 2, '#COOBER #cervesapaleale #maceració', 0),
(73, 'Fermentació ', 'Llevat Belgian Ale 11,5g.Hidratar-lo 20\'\r\nAfegir-lo al most amb aigua a 30-35º, fermentació primària, fermentació condicionament\r\nColdcrash + 7g/L sucre', 'Martí García ', 'La fermentació es una etapa clau per a l\'elaboració de la cerveza. \r\nEl primer que s\'ha de fer es afegir 11,5g de llevat, Belgian Ale, després s\'haurà d\'hidratar durant uns 20 mins abans d\'afegir-lo al most amb aigua estèril, a temperatura entre 30 i 35 graus.\r\nLa temperatura de fermentació primària ha de ser uns 20 dies a 22 graus. La temperatura de condicionament es mes llarga amb uns 42dies a 12 graus.\r\nDesprès de les fermentacions s\'ha d\'efectuar el Coldcrash que es bàsicament refredar ràpidament el teu fermentat a 1ºC entre 12 i 24 hores. \r\nDesprés de 24 s\'ha d\'envasar i afegir sucre, 7g/L per a segona fermentació.', '2024-01-24 19:01:00', 2, '#fermentació #birretes #ambresponsabilitat', 0),
(74, 'MADURACIÓ', 'És un període de repòs i recondicionament per tal de millorar el seu sabor, aroma, color, grau alcohólic i el volum, els canvis són fisico-quimics. ', 'Mikella Chunga', 'El procés de maduració és una etapa important dins de la creació de la cervesa. Durant aquest procés, es deixa la cervesa durant un període de sis setmanes madurant dins d\'ampolles.\r\nLa temperatura és important, ja que afecta el sabor i característiques organolèptiques de la cervesa, en tenir una cervesa de tipus Ale, és necessari una temperatura d\'aproximadament 18 °C, i nosaltres l\'hem tingut a una temperatura de 15-20 °C.\r\nEn aquest temps, la seva composició física i química del producte canvia, abans de la maduració el gust i l\'aroma de la cervesa és més jove i menys desenvolupada i el seu color és més fosc, en canvi, després de la maduració trobem una cervesa amb un color més clar, el seu gust és més equilibrat i complet, l\'aroma també millora, i en general s\'obté una cervesa de millor qualitat. També augmenta la concentració de gas dins de l\'ampolla, fent-la més carbonatada, això és perquè abans, durant el procés de fermentació, la cervesa ha passat per un període de temps de maduració, on el gas (CO₂) se n\'anava, però ara que no hi ha cap mena de sortida, tot el CO₂ es concentra, creant més gas dins de l\'ampolla.\r\nD\'aquesta manera aconseguim una cervesa amb un sabor més equilibrat, igual que reduïm sabors indesitjats, el color es clarifica, millorant l\'aparença i l\'estabilitat. La textura a la boca es torna més suau, agradable i gasosa.\r\nPer tant, la maduració és important per millorar la qualitat sensorial i organolèptica d\'una cervesa.', '2024-01-24 19:01:00', 2, '#maduració #dietètica #controlalimentari #cervesa #paleale #begudaalcohòlica #c04 #ale #carbonatada #alcohol', 0),
(75, 'Filtrat i Rentat', 'PERQUE ES IMPORTANT FILTAR LA CERVESA? EN AQUEST ARTICLE HO VEUREM', 'Naira Díaz García', 'El filtratge elimina el llevat, els tanins i algunes proteïnes que contribueixen a sabors no desitjats, i al fet que sigui boirosa. Aquestes impureses desapareixen per mitjà del lagering i la maduració. La filtració accelera aquest procés fent-lo en minuts en comptes de setmanes.\r\n\r\nEl filtratge remou impureses en la cervesa, insuls aquelles que es queden després de la maduració. Els filtres eliminen partícules més petites i això els dóna un sabor més net i de millor qualitat.\r\n\r\nCaracterístiques del filtre\r\nFi per a no alterar el sabor de la cervesa\r\nUna micra és l\'ideal, per a no deixar rastres de llevat\r\nRecipient amb filtres reemplaçables.\r\nNo utilitzar filtres d\'aigua (és més fàcil que es tapi).\r\n\r\nEl filtratge no es pot fer abans d\'hora, encara que acceleri la maduració, pel fet que alguns canvis químics es duen a terme durant la part de la fermentació.\r\nCal permetre que la cervesa acabi la seva fermentació i es quedi en la secundària per dues o tres setmanes abans del filtratge, abans d\'embarrilar-la.\r\n\r\nProcés del filtratge\r\nCol·locar el filtre entre el buit i el ple\r\nUsar la pressió de CO₂\r\nTransferir la cervesa d\'un barril a un altre.\r\n\r\nUna vegada s\'ha filtrat la cervesa, tancar el segon barril, purgar-lo diverses vegades, refrigerar i carbonatar manualment.\r\n', '2024-01-25 15:01:00', 2, '#Filtrarcerveza', 0),
(76, 'Maceració \"La Barba\"', 'Etapa en la qual les maltes, la pellofa d´arròs y l´aigua s´uneixen per escalfar-se causant la activació dels enzims que degraden el midó ', 'Darío León Martí', 'En que consisteix la Maceració?\r\n\r\nConsisteix en la extracció dels compostos químics d´un producte en esta sòlid al submergir-lo en líquid durant un període de temps determinat. \r\n\r\nMaceració de la cervesa “La barba”\r\n\r\nEn la maceració vam començar posant 15L d´aigua a l´olla elèctrica. Seguidament es va afegir les Maltes Pilsner, Sègol, Crystrall, Munich y la pellofa d´arròs. L´aigua va estar a una temperatura entre 60 – 67ºC en aquest rang de temperatura apareixen una major proporció de sucres fermentables, és a dir s’activen els enzims que degraden el midó formant maltoses i glucoses, les β-amilases. Surten cerveses de cos lleuger, seques i menys dolces. La temperatura es va anar controlant amb un termòmetre y remenant amb una espàtula perquè no s’enganxessin les maltes y l’arròs al fons de l´olla. Amb aquesta mateix espàtula vam remenar cap a dalt perquè la calor pugues-hi a dalt de l´olla. La duració d´aquesta maceració va durar 80 minuts que esta dins del rang de temps (60-90 minuts). El següent pas va ser la filtració. ', '2024-01-26 15:01:00', 2, '#maceració #enzims #cervesa #midó', 0),
(77, 'LA MOLTURACIÓ', 'La molturació és un pas essencial en l’elaboració de cervesa ja que influeix en l’extracció eficient dels sucres durant la maceració. ', 'AILIN PRISCA SIMONIELLO', 'La molturació és una etapa crucial en la producció de cervesa, ja que afecta directament a l’extracció dels compostos necessaris per al procés de maceració i també al sabor i les característiques de la cervesa final. \r\n\r\nAquest procés té com ha objectiu triturar la malta. Consisteix en trencar la closca dels grans i moldre l’interior (l’endosperm) en partícules més petites, facilitant així l’extracció dels sucres durant la maceració. La mida de les partícules resultants, és essencial. Un mòlt massa gruixut pot donar com a resultat una extracció deficient de sucres, mentre que un molt massa fi pot causar problemes en la filtració. \r\n\r\nEn la molturació, s’utilitza un molí de malta per triturar els grans. En aquest cas vam utilitzar un molí manual, encara que també n’hi ha de motoritzats i estan dissenyats per garantir una mòlta uniforme. \r\n\r\nLa qualitat de la mòlta influeix directament en el perfil de sabor, cos i contingut d’alcohol de la cervesa final, i és crucial per obtenir uns bons resultats. Durant la mòlta, es controlen variables com la velocitat del molí i la quantitat de malta per garantir un procés uniforme. ', '2024-01-26 18:01:00', 2, '#Molturació ', 0),
(78, 'Càlcul de la densitat', 'En aquest apartat, veurem que és la densitat, com es calcula i amb quin aparell i quina és la densitat de la nostra cervesa.', 'Miruna Anamaria Pitorac', 'Per a què es calcula la densitat de la cervesa?\r\nLa densitat de la cervesa fa referència a la quantitat de sucre que té el most abans de la fermentació.\r\nLa primera mostra (Densitat Inicial), té una densitat més alta a causa de la presència de maltosa i altres sucres fermentable. La segona mostra (Densitat Final), és més baixa perquè els sucres que hi havia inicialment han fermentat, i això ha provocat que aquesta tingui alcohol, i com a conseqüència una baixada de densitat.\r\n\r\nAmb què es calcula la densitat?\r\nEs calcula amb un aparell anomenat densímetre.\r\n \r\n\r\nCom utilitzar el densímetre:\r\nS\'introdueix el densímetre de forma vertical al recipient on es troba la mostra, i abans de deixar-lo anar, fer-lo girar lleugerament. Quan aquest pari de girar, podem observar la densitat que ens marca.\r\n\r\n\r\n\r\nEl canvi de la densitat de la nostra cervesa:\r\nEn el nostre cas, la densitat marcada en la recepta ens indicava que la Densitat Inicial havia de ser de 1070 g/cm³, i la que nosaltres vam obtenir va ser de 1050 g/cm3.\r\nPer altra banda, la Densitat Final marcada per la recepta era de 1015 g/cm3, però a nosaltres ens va sortir de 1000 g/cm³.\r\nPodem dir que sí que hi ha hagut un canvi de densitat, i que, per tant, la nostra cervesa té alcohol.\r\n', '2024-01-28 14:01:00', 2, '#càlculdedensitat,#cervesaartesava,#etpxavier,#cervesaLaBarba', 0),
(79, 'FILTRAT I RENTAT ', '\r\nRealitzem el procés de filtració de la maceració per a separar les restes sòlides generades de les farines del líquid', 'Juliana Guerrero', 'En el procés de crear la cervesa hem hagut de fer un filtrat de la maceració per a separar els sòlids del líquid. Tot això per a obtenir millors resultats, ja que la filtració ajuda a eliminar partícules no desitjades i a obtenir un líquid clar i net.\r\nEn aquest pas lo que hem fet és que hem posat un cubell amb aixeta i dins una reixeta/colador que ens farà el paper de filtre. El procediment del filtratge és passar l\'aigua cap al cub per mitjà del filtre (colador/Reixeta) . Hem de realitzar aquest procediment fins a obtenir d\'una banda les restes sòlides de les farines o sòlids que poden generar sabors no desitjats (restes de maltes, restes d\'arròs, etc) i d\'altra banda el líquid sense res de restes sòlides i el més cristal·lí possible.\r\n', '2024-01-28 15:01:00', 2, '#FILTRAT #FILTRATIRENTAT #CERVESA', 0),
(80, 'BULLIT', 'En aquest apartat trobareu una petita explicació sobre el procés d\'ebullició que vam haver de fer per a crear la nostra cervesa. Temps d\'ebullició...', 'Ian Ramiro', 'L\'elaboració de la cervesa és un procés fascinant que involucra diverses etapes i l\'ebullició és un moment crucial dins aquesta seqüència. Després de la maltatge i la maceració, el most resultant se sotmet a un procés d\'ebullició vigorosa. Durant aquest pas, s\'hi afegeixen llúpols per proporcionar amargor, sabor i aroma característics a la cervesa. L\'hervició no només esterilitza el most, eliminant microorganismes no desitjats, sinó que també contribueix a la complexitat i l\'equilibri del perfil de sabor. És en aquest punt on es defineixen moltes de les característiques finals de la cervesa abans de passar a les etapes posteriors de refredament i fermentació. L\'ebullició, per tant, exerceix un paper essencial en la creació d\'una cervesa única i deliciosa. \r\nAl nostre cas, el primer que vam fer va ser bullir durant 1 hora la barreja. Passada aquesta hora vam afegir primer el sucre adjunt (61,6 g) i després les addiccions del llúpol: 30 g de EKG (35\' i 25\' bullint), passat aquest temps vam afegir 5 g més de Citra (20\' i 40\' bullint) i per últim, 5\' després afegim cilantre + 20 g de Citra.', '2024-01-28 20:01:00', 2, '#bullit', 0),
(81, 'AROMATITZACIÓ ', 'En aquest article expliquem quins llúpols i en quines condicions hem afegit a la nostra cervesa, i quin ingredient addicional que la fa única.', 'Aurora Karla Guasch Renedo', '<p>Per a l\'aromatitzaci&oacute; de la cervesa &eacute;s imprescindible el ll&uacute;pol. El ll&uacute;pol cont&eacute; diverses subst&agrave;ncies com ara olis essencials que donen lloc a aromes a la cervesa final, i resines amargues (alfa &agrave;cids) que donen lloc al gust amargant. Aquest gust equilibra la dol&ccedil;or de la malta d\'ordi. Els alfa &agrave;cids es mantenen durant tot el proc&eacute;s d\'aromatitzaci&oacute;. Per&ograve; els olis essencials s&oacute;n vol&agrave;tils i delicats, es fan malb&eacute;, per tant no han de bullir-se massa estona. Els nostres ll&uacute;pols, East Kent Golding (5,61% AA) i Celeia Strynian Golding (2,98% AA) s&oacute;n ll&uacute;pols arom&agrave;tics, m&eacute;s rics en aromes que no pas en alfa &agrave;cids, per tant aporten menys amargor que altres, per&ograve; aporten m&eacute;s aromes. Els ll&uacute;pols s\'afegeixen a l\'ebullici&oacute;, a m&eacute;s temps de cocci&oacute; major amargor, si estan massa temps nom&eacute;s es marcar&agrave; l\'amargor i es perdran els aromes. El minuts de bullit es compten al rev&eacute;s, segons el temps que queda per acabar el proc&eacute;s d\'ebullici&oacute;. Si s\'afegeixen entre els 60 i els 30 minuts abans que s\'acabi l\'ebullici&oacute;, donen amargor; entre els 20 minuts i 10 minuts donen sabor; i els darrers 5 minuts donen lloc als aromes. En la nostra cervesa hem afegit tres vegades ll&uacute;pol. Primerament 30g d\'East Kent Golfing quan quedaven 35 minuts d\'ebullici&oacute;, pel que aquest proporciona l\'amargor a la cervesa, per&ograve; al ser un ll&uacute;pol arom&agrave;tic la nostra cervesa no ser&agrave; especialment amarga. El segon tipus de ll&uacute;pol, Celeia Strynian Golding va ser afegit quan quedaven 20 minuts d\'ebullici&oacute; (10g) i quan quedaven 5 minuts d\'ebullici&oacute; (20g), per tant aquest proporciona sabors herbals i aromes a la nostra cervesa, i tenint en compte que es tracta d\'un ll&uacute;pol arom&agrave;tic, aquests seran intensos. A m&eacute;s a m&eacute;s hem afegit cilantre a la nostre cervesa, aquest proporciona a la cervesa tocs c&iacute;trics, car&agrave;cter especiat i herbal, que pot incl&ograve;s recordar al roman&iacute;. Aquest l\'hem afegit quan quedaven 5 minuts d\'ebullici&oacute;, ja que si &eacute;s afegit abans, per tant t&eacute; un proc&eacute;s d\'ebullici&oacute; m&eacute;s llarg, la cervesa tindria molt sabor a cilantre i la resta de sabor quedarien tapats. Aix&iacute; doncs, la nostra cervesa &eacute;s poc amargant, per&ograve; els ll&uacute;pols afegits i el cilantre li proporcionen uns intensos aromes i sabors.</p>', '2024-08-18 15:06:00', 2, '#cervesa #segondietètica #labarba #cervesalabarba #aromatitzaciócervesa #aromatitzaciólabarba ', 0),
(82, 'FILTRACIÓ PER GRAVETAT', 'Resum:\r\nobserva quin mètode de separació és més eficient per a una solució acuosa té un precipitat sòlid i d\'aquest comparar com de les dues filtració', 'Natalia Saldaña i Tiffany Orozco', 'Utilitat: separar un sòlid d\'un líquid quan el que es vol recuperar és el líquid. Aquesta tècnica s\'utilitza per a la purificació de l\'aigua i per a separar diferents tipus de substàncies.Es realitza amb la força de la gravetat, que impulsa el líquid per a passar pels porus del filtre i, així, els components sòlids queden retinguts.\r\n\r\nMaterial: suport, cèrcol metàl·lic, embut cònic, paper de filtre en forma cònica o de plecs, recipient per a recollir el líquid (erlenmeyer, matràs, vas de precipitats), vareta de vidre.\r\n\r\nL\'objectiu és fer passar la mescla sòlida líquida a través del filtre i recollir el líquid filtrat. Primer es col·loca el paper de filtre dins de l\'embut i aquest se situa sobre el recipient de recollida, sostingut pel cèrcol metàl·lic. El filtre es pot mullar amb la mateixa classe de dissolvent que conté la suspensió. A continuació s\'aboca lentament la suspensió sobre el filtre amb l\'ajuda d\'una vareta de vidre, de manera que no es vessi el contingut. Finalment, les partícules sòlides retingudes en el filtre poden rentar-se amb petites porcions de dissolvent (el mateix que conté el líquid filtrat).\r\n\r\nParaules clau:\r\n\r\nllevats \r\nFiltració \r\nLaboratori \r\nBuit \r\nMezcla/ Heterogénea, Homogénea \r\nSuspensió \r\nGravetat \r\nInsoluble \r\nSeparació \r\n', '2024-01-29 18:01:00', 5, '·', 0),
(83, 'FILTRACIÓ PER GRAVETAT', 'Realitzar una filtració per gravetat per separar una mescla heterogènia composta de cervesa amb l\'objectiu d\'aprofitar el llevat (matèria primera)', 'ABDULLAH, DAVID, HECTOR', 'La nostra participació en el projecte CooBeer ha sigut realitzar una filtració per gravetat per tal de separar una mescla heterogènia composta de cervesa amb l’objectiu d\'aprofitar el llevat per a realitzar complements vitamínics i preparats oficinals.\r\n\r\n· QUÈ FEM?\r\n\r\nHem realitzat una sèrie de passos per l’obtenció i posterior condicionament dels llevats, per tal que puguin traspassar als següents encarregats de dur a terme les noves passes del projecte.\r\n\r\nEls components de la mescla com que són insolubles els vam filtrar per gravetat, ja que es tracta d’una mescla formada per líquid (la cervesa) i sòlid (el llevat) amb l’objectiu d’obtenir el llevat que és el que farem servir a la nostra part del projecte.\r\n\r\n· PER QUÈ HO FEM?\r\n\r\nTenim l’objectiu d’obtenir el llevat que és el que farem servir a la nostra part del projecte, que consisteix a aconseguir la matèria primera per tal que els companys de 2n Farmàcia realitzin preparats oficinals i fórmules magistrals.\r\n\r\n· DINS DE COOBEER\r\n\r\nHem extret els llevats i filtrat la cervesa per aconseguir matèria primera.\r\n\r\n· MATERIALS\r\n\r\nVAS DE PRECIPITATS       \r\nEMBUT CÒNIC      \r\nSUPORT UNIVERSAL         \r\nNOU            \r\nPAPER DE FILTRE              \r\nCÈRCOL                   \r\nVARETA DE VIDRE             \r\nMESCLA INSOLUBLE', '2024-01-29 18:01:00', 5, '#FormulacióMagistral #Filtració #Llevats #Ordi #PreparatsOficinals #Farmàcia', 0),
(84, 'FILTRACIÓ PER GRAVETAT', 'Realitzar una filtració per gravetat per separar una mescla heterogènia composta de cervesa amb l\'objectiu d\'aprofitar el llevat (matèria primera)', 'ABDULLAH, DAVID, HECTOR', 'La nostra participació en el projecte CooBeer ha sigut realitzar una filtració per gravetat per tal de separar una mescla heterogènia composta de cervesa amb l’objectiu d\'aprofitar el llevat per a realitzar complements vitamínics i preparats oficinals.\r\n\r\n· QUÈ FEM?\r\n\r\nHem realitzat una sèrie de passos per l’obtenció i posterior condicionament dels llevats, per tal que puguin traspassar als següents encarregats de dur a terme les noves passes del projecte.\r\n\r\nEls components de la mescla com que són insolubles els vam filtrar per gravetat, ja que es tracta d’una mescla formada per líquid (la cervesa) i sòlid (el llevat) amb l’objectiu d’obtenir el llevat que és el que farem servir a la nostra part del projecte.\r\n\r\n· PER QUÈ HO FEM?\r\n\r\nTenim l’objectiu d’obtenir el llevat que és el que farem servir a la nostra part del projecte, que consisteix a aconseguir la matèria primera per tal que els companys de 2n Farmàcia realitzin preparats oficinals i fórmules magistrals.\r\n\r\n· DINS DE COOBEER\r\n\r\nHem extret els llevats i filtrat la cervesa per aconseguir matèria primera.\r\n\r\n· MATERIALS\r\n\r\nVAS DE PRECIPITATS       \r\nEMBUT CÒNIC      \r\nSUPORT UNIVERSAL         \r\nNOU            \r\nPAPER DE FILTRE              \r\nCÈRCOL                   \r\nVARETA DE VIDRE             \r\nMESCLA INSOLUBLE', '2024-01-29 18:01:00', 5, '#FormulacióMagistral #Filtració #Llevats #Ordi #PreparatsOficinals #Farmàcia', 0),
(85, 'FILTRACIÓ AL BUIT', 'L\'objectiu d\'aquesta Filtració al buit és recuperar la part solguda de la part liquida ', 'Sandra Reyes,Yery Ruiz i Karen Cisneros', '<p>Que *feu?:Un proc&eacute;s de filtraci&oacute;. *Perque?Per a separar una subst&agrave;ncia o component d\'una mescla de l&iacute;quids *Dins *Coober?Per a recuperar el llevat tamb&eacute; per a poder veure quant llevat quedava despr&eacute;s de la filtraci&oacute; Material: El matr&agrave;s *Kitasato Vas de precipitats *Vareta de vidre Embut *Buchner Tub de goma Trompa de *Buit Paper de filtre pla *Dins *coober: El proc&eacute;s de filtraci&oacute; al buit consisteix en l\'&uacute;s d\'un embut de filtraci&oacute; connectat a un matr&agrave;s *kitasato . Es col&middot;loca el paper de filtre pla en l\'embut *Buchner,el paper de filtre serveix per a retenir els s&ograve;lids mentre permet que el l&iacute;quid passi a trav&eacute;s dels forats. Es connecta l\'embut de *B&uuml;chner al matr&agrave;s *kitasato amb un *tap de goma per a ajustar-lo .Despr&eacute;s la trompa de *buit es connecta verticalment a l\'aixeta i tamb&eacute; va connectat amb una goma al matr&agrave;s *kitasato.</p>', '2024-08-18 15:00:00', 5, 'Farmàcia Fórmules magistrals buit,filtració,*llevats,separació.', 0),
(86, 'FILTRACIÓ PER GRAVETAT', 'Resum:\r\nobserva quin mètode de separació és més eficient per a una solució acuosa té un precipitat sòlid i d\'aquest comparar com de les dues filtració', 'Natalia Saldaña i Tiffany Orozco', 'Utilitat: separar un sòlid d\'un líquid quan el que es vol recuperar és el líquid. Aquesta tècnica s\'utilitza per a la purificació de l\'aigua i per a separar diferents tipus de substàncies.Es realitza amb la força de la gravetat, que impulsa el líquid per a passar pels porus del filtre i, així, els components sòlids queden retinguts.\r\n\r\nMaterial: suport, cèrcol metàl·lic, embut cònic, paper de filtre en forma cònica o de plecs, recipient per a recollir el líquid (erlenmeyer, matràs, vas de precipitats), vareta de vidre.\r\n\r\nL\'objectiu és fer passar la mescla sòlida líquida a través del filtre i recollir el líquid filtrat. Primer es col·loca el paper de filtre dins de l\'embut i aquest se situa sobre el recipient de recollida, sostingut pel cèrcol metàl·lic. El filtre es pot mullar amb la mateixa classe de dissolvent que conté la suspensió. A continuació s\'aboca lentament la suspensió sobre el filtre amb l\'ajuda d\'una vareta de vidre, de manera que no es vessi el contingut. Finalment, les partícules sòlides retingudes en el filtre poden rentar-se amb petites porcions de dissolvent (el mateix que conté el líquid filtrat).\r\n\r\nParaules clau:\r\n\r\nllevats \r\nFiltració \r\nLaboratori \r\nBuit \r\nMezcla/ Heterogénea, Homogénea \r\nSuspensió \r\nGravetat \r\nInsoluble \r\nSeparació \r\n', '2024-01-29 18:01:00', 5, '#filtracio #gravetat #filtracioxgravetat ', 0),
(87, 'FILTRACIÓ AL BUIT', 'L\'objectiu d\'aquesta Filtració al buit és recuperar la part solguda de la part liquida \r\n', 'Sandra Reyes,Yery Ruiz i Karen Cisneros', '<p>QUE FEU?:Un proc&eacute;s de filtraci&oacute;.</p>\r\n<p>PERQUE?Per a separar una subst&agrave;ncia o component d\'una mescla de l&iacute;quids</p>\r\n<p>DINS COOBER?Per a recuperar el llevat tamb&eacute; per a poder veure quant llevat quedava despr&eacute;s de la filtraci&oacute;</p>\r\n<p>MATERIAL: El matr&agrave;s Kitasato Vas de precipitats Vareta de vidre Embut Buchner Tub de goma Trompa de Buit Paper de filtre pla</p>\r\n<p>DINS COOBER: El proc&eacute;s de filtraci&oacute; al buit consisteix en l\'&uacute;s d\'un embut de filtraci&oacute; connectat a un matr&agrave;s kitasato . Es col&middot;loca el paper de filtre pla en l\'embut Buchner,el paper de filtre serveix per a retenir els s&ograve;lids mentre permet que el l&iacute;quid passi a trav&eacute;s dels forats. Es connecta l\'embut de B&uuml;chner al matr&agrave;s kitasato amb un tap de goma per a ajustar-lo .Despr&eacute;s la trompa de buit es connecta verticalment a l\'aixeta i tamb&eacute; va connectat amb una goma al matr&agrave;s kitasato.</p>', '2024-08-18 09:16:00', 5, 'Farmàcia,Fórmules magistrals,Buit,Filtració,Llevats,Separació.', 0),
(88, 'DESSECACIÓ DE LLEVATS', 'En aquest article veurem el procés de la dessecació dels llevats de cervesa que hem fet al laboratori', 'Judith , Xinia , Dayanary , Jasne ', 'Vam agafar el paper de filtre cònic amb els llevats i conjunt H₂O, o vam passar a una placa de petri amb una cullera espàtula. Després vam agafar una balança electrònica i amb molta precaució vam pesar la placa de petri sola i més tard amb el contingut (llevat) i vam apuntar els resultats. A continuació el portem a l\'estufa de dessecació a 60°c de dilluns a la tarda fins dijous a la tarda. Seguidament, el dijous vam treure la placa de l\'estufa amb el contingut i posteriorment el vam tornar a pesar per calcular quant d\'aigua es va evaporar a dintre de l\'estufa. El nostre principal objectiu es extreure l\'aigua dels llevants mediant l\'evaporació perquè sense l\'aigua no hi ha microorganismes que poden afectar els llevats i ferles mal bé ràpidament. Ja que es conserva millor i sense l\'aigua pesa menys i ocupa menys espai. Hem fet això dins del projecte coobeer per poder traspassar-les als alumnes de 2n de farmàcia perquè puguin arribar a realitzar una forma magistral amb els llevats que hem aconseguit. Els materials que hem utilitzat per fer aquest procés de dessecació. Una cullera espàtula, una placa de petri, estufa de dessecació\r\n', '2024-01-29 18:01:00', 5, '#farmàcia#formulesmagistrals#llevats#cervesa', 0),
(89, 'FILTRACIÓ AL BUIT', 'L\'objectiu d\'aquesta Filtració al buit és recuperar la part solguda de la part liquida \r\n', 'Sandra Reyes,Yery Ruiz i Karen Cisneros', 'Que *feu?:Un procés de filtració.\r\n*Perque?Per a separar una substància o component d\'una mescla de líquids\r\n*Dins *Coober?Per a recuperar el llevat \r\n també per a poder veure quant llevat quedava després de la filtració\r\nMaterial:\r\nEl matràs *Kitasato\r\nVas de precipitats\r\n*Vareta de vidre\r\nEmbut *Buchner\r\nTub de goma\r\nTrompa de *Buit\r\nPaper de filtre pla\r\n*Dins *coober:\r\n El procés de filtració al buit consisteix en l\'ús d\'un embut de filtració connectat a un matràs *kitasato . Es col·loca el paper de filtre pla en l\'embut *Buchner,el paper de filtre serveix per a retenir els sòlids mentre permet que el líquid passi a través dels forats.\r\nEs connecta l\'embut de *Büchner al matràs *kitasato amb un *tap de goma per a ajustar-lo .Després la trompa de *buit es connecta verticalment a l\'aixeta i també va connectat amb una goma al matràs *kitasato.\r\n', '2024-01-29 18:01:00', 5, 'Farmàcia Fórmules magistrals buit,filtració,*llevats,separació.', 0);
INSERT INTO `articulo` (`id`, `titulo`, `descripcion`, `autor`, `texto`, `fechaCreacion`, `idDepartamento`, `tags`, `indBaja`) VALUES
(90, 'FILTRACIÓ PER GRAVETAT', 'Resum:\r\nobserva quin mètode de separació és més eficient per a una solució acuosa té un precipitat sòlid i d\'aquest comparar com de les dues filtració', 'Natalia Saldaña i Tiffany Orozco', 'Utilitat: separar un sòlid d\'un líquid quan el que es vol recuperar és el líquid. Aquesta tècnica s\'utilitza per a la purificació de l\'aigua i per a separar diferents tipus de substàncies.Es realitza amb la força de la gravetat, que impulsa el líquid per a passar pels porus del filtre i, així, els components sòlids queden retinguts.\r\n\r\nMaterial: suport, cèrcol metàl·lic, embut cònic, paper de filtre en forma cònica o de plecs, recipient per a recollir el líquid (erlenmeyer, matràs, vas de precipitats), vareta de vidre.\r\n\r\nL\'objectiu és fer passar la mescla sòlida líquida a través del filtre i recollir el líquid filtrat. Primer es col·loca el paper de filtre dins de l\'embut i aquest se situa sobre el recipient de recollida, sostingut pel cèrcol metàl·lic. El filtre es pot mullar amb la mateixa classe de dissolvent que conté la suspensió. A continuació s\'aboca lentament la suspensió sobre el filtre amb l\'ajuda d\'una vareta de vidre, de manera que no es vessi el contingut. Finalment, les partícules sòlides retingudes en el filtre poden rentar-se amb petites porcions de dissolvent (el mateix que conté el líquid filtrat).\r\n\r\nParaules Clau \r\n\r\nllevats \r\nFiltració \r\nLaboratori \r\nBuit \r\nMezcla/ Heterogénea, Homogénea \r\nSuspensió \r\nGravetat \r\nInsoluble \r\nSeparació \r\n', '2024-01-29 18:01:00', 5, '#filtracio #gravetat #filtracioxgravetat', 0),
(91, 'Filtració per gravetat', 'Descipció d\'un procés de filtració per gravetat per a obtenir una matèria primera per a fer una posterior formulació magistral.', 'Aira, Miguel Angel, Ketty i Yolanda ', 'Som un grup d’estudiants de 1er de farmàcia tarda,  que hem obtingut mostres de llevats de cervesa  dels alumnes de 2n de dietética. L’objectiu d’aquest treball és fer una filtració i una posterior dessecació per acondicionar una materia primera per a que els alumnes de segon curs puguin fer una formulació magistral.Nosaltres explicarem el procés de filtració per gravetat. \r\nEl instruments necessaris són:\r\nSuport universal\r\nembut cònic\r\nvareta de vidre\r\nfiltre de paper llis\r\nvas de precipitats\r\ncercol\r\nnou\r\nplaca de petri\r\npinçes\r\nFem el muntatge i procedim a fer la filtració. Hem agafat el vas de precipitats amb el llevat de cervesa i hem dirigit la mescla amb una vareta de vidre cap el filtre de paper, que en aquest cas es llis perque el que volem es quedar-nos amb el tortó (sòlid). Quan hem acabat, hem deixat que reposi 12 hores per permetre que caiguès tot el líquid possible.\r\nEl tortó resultant encara és una mica humit i per això li caldrà fer un procés de dessecació.\r\n', '2024-01-29 18:01:00', 5, '#farmàcia #filtracióperGravetat', 0),
(92, 'LA MADURACIÓ', 'És un període de repòs i recondicionament per tal de millorar el seu sabor, aroma, color, grau alcohólic i el volum, els canvis són fisico-quimics.', 'Mikella Chunga', '<p>El proc&eacute;s de maduraci&oacute; &eacute;s una etapa important dins de la creaci&oacute; de la cervesa. Durant aquest proc&eacute;s, es deixa la cervesa durant un per&iacute;ode de sis setmanes madurant dins d\'ampolles. La temperatura &eacute;s important, ja que afecta el sabor i caracter&iacute;stiques organol&egrave;ptiques de la cervesa, en tenir una cervesa de tipus Ale, &eacute;s necessari una temperatura d\'aproximadament 18 &deg;C, i nosaltres l\'hem tingut a una temperatura de 15-20 &deg;C. En aquest temps, la seva composici&oacute; f&iacute;sica i qu&iacute;mica del producte canvia, abans de la maduraci&oacute; el gust i l\'aroma de la cervesa &eacute;s m&eacute;s jove i menys desenvolupada i el seu color &eacute;s m&eacute;s fosc, en canvi, despr&eacute;s de la maduraci&oacute; trobem una cervesa amb un color m&eacute;s clar, el seu gust &eacute;s m&eacute;s equilibrat i complet, l\'aroma tamb&eacute; millora, i en general s\'obt&eacute; una cervesa de millor qualitat. Tamb&eacute; augmenta la concentraci&oacute; de gas dins de l\'ampolla, fent-la m&eacute;s carbonatada, aix&ograve; &eacute;s perqu&egrave; abans, durant el proc&eacute;s de fermentaci&oacute;, la cervesa ha passat per un per&iacute;ode de temps de maduraci&oacute;, on el gas (CO₂) se n\'anava, per&ograve; ara que no hi ha cap mena de sortida, tot el CO₂ es concentra, creant m&eacute;s gas dins de l\'ampolla. D\'aquesta manera aconseguim una cervesa amb un sabor m&eacute;s equilibrat, igual que redu&iuml;m sabors indesitjats, el color es clarifica, millorant l\'aparen&ccedil;a i l\'estabilitat. La textura a la boca es torna m&eacute;s suau, agradable i gasosa. Per tant, la maduraci&oacute; &eacute;s important per millorar la qualitat sensorial i organol&egrave;ptica d\'una cervesa.</p>', '2024-08-18 14:58:00', 2, '#maduració #dietètica #controlalimentari #cervesa #paleale #begudaalcohòlica #c04 #ale #carbonatada #alcohol', 0);

-- --------------------------------------------------------

--
-- Estructura de tabla para la tabla `departamento`
--

CREATE TABLE `departamento` (
  `id` int UNSIGNED NOT NULL,
  `nombre` varchar(50) NOT NULL,
  `descripcion` varchar(255) DEFAULT NULL,
  `indBaja` bit(1) DEFAULT b'0'
) ENGINE=InnoDB DEFAULT CHARSET=utf8mb4 COLLATE=utf8mb4_general_ci;

--
-- Volcado de datos para la tabla `departamento`
--

INSERT INTO `departamento` (`id`, `nombre`, `descripcion`, `indBaja`) VALUES
(2, 'Dietètica', 'CFGS de Dietètica)', b'0'),
(3, 'Comerç Internacional', 'CFGS de Comerç Internacional', b'0'),
(4, 'CAI', 'CFGM de Cures Auxiliars', b'0'),
(5, 'DAW', 'CFGS de DAW', b'0');

-- --------------------------------------------------------

--
-- Estructura de tabla para la tabla `recurso`
--

CREATE TABLE `recurso` (
  `id` int UNSIGNED NOT NULL,
  `url` varchar(255) NOT NULL,
  `idArticulo` int UNSIGNED NOT NULL,
  `indBaja` bit(1) DEFAULT b'0'
) ENGINE=InnoDB DEFAULT CHARSET=utf8mb4 COLLATE=utf8mb4_general_ci;

--
-- Volcado de datos para la tabla `recurso`
--

INSERT INTO `recurso` (`id`, `url`, `idArticulo`, `indBaja`) VALUES
(1, '/DB/local/media/30/logo.png', 30, b'0'),
(12, '/DB/local/media/52/IMG_20210316_172927.jpg', 52, b'0'),
(13, '/DB/local/media/53/cb1.png', 53, b'0'),
(14, '/DB/local/media/54/Home-Brew-Beer-Ingredients.jpg', 54, b'0'),
(15, '/DB/local/media/56/wheat-grains.jpg', 56, b'0'),
(17, '/DB/local/media/58/maceracio.jpg', 58, b'0'),
(19, '/DB/local/media/61/beer-beverage-bottle-bottling.jpg', 61, b'0'),
(21, '/DB/local/media/64/descargar.jpeg', 64, b'0'),
(23, '/DB/local/media/65/210506_bodega.jpg', 65, b'0'),
(27, '/DB/local/media/69/IMG20240112124016.jpg', 69, b'0'),
(30, '/DB/local/media/72/cerveza.jpg', 72, b'0'),
(31, '/DB/local/media/73/ferment.jpg', 73, b'0'),
(33, '/DB/local/media/75/product-placeholder-brauanlagen-fae78134eb8c2d2377142cc745bd0fcc.jpg', 75, b'0'),
(34, '/DB/local/media/76/maceracio.jpg', 76, b'0'),
(46, '/DB/local/media/83/IMG_580412.jpg', 83, b'0'),
(47, '/DB/local/media/84/IMG_580412.jpg', 84, b'0'),
(49, '/DB/local/media/86/1.jpg', 86, b'0'),
(52, '/DB/local/media/88/IMG_5467.jpg', 88, b'0'),
(54, '/DB/local/media/89/IMG-20240129-WA0021.jpg', 89, b'0'),
(56, '/DB/local/media/90/2.jpg', 90, b'0'),
(58, '/DB/local/media/91/IMG_20240129_193402333.jpg', 91, b'0');

-- --------------------------------------------------------

--
-- Estructura de tabla para la tabla `usuario`
--

CREATE TABLE `usuario` (
  `id` int UNSIGNED NOT NULL,
  `nombre` varchar(50) DEFAULT NULL,
  `apellido1` varchar(50) DEFAULT NULL,
  `apellido2` varchar(50) DEFAULT NULL,
  `contraseña` varchar(50) DEFAULT NULL,
  `idDepartamento` int UNSIGNED NOT NULL,
  `indBaja` bit(1) DEFAULT b'0'
) ENGINE=InnoDB DEFAULT CHARSET=utf8mb4 COLLATE=utf8mb4_general_ci;

--
-- Índices para tablas volcadas
--

--
-- Indices de la tabla `articulo`
--
ALTER TABLE `articulo`
  ADD PRIMARY KEY (`id`),
  ADD KEY `pk_articulos_departamentos` (`idDepartamento`);
ALTER TABLE `articulo` ADD FULLTEXT KEY `search_idx` (`titulo`,`autor`,`texto`,`descripcion`,`tags`);

--
-- Indices de la tabla `departamento`
--
ALTER TABLE `departamento`
  ADD PRIMARY KEY (`id`);

--
-- Indices de la tabla `recurso`
--
ALTER TABLE `recurso`
  ADD PRIMARY KEY (`id`),
  ADD KEY `pk_recursos_articulos` (`idArticulo`);

--
-- Indices de la tabla `usuario`
--
ALTER TABLE `usuario`
  ADD PRIMARY KEY (`id`),
  ADD KEY `pk_usuarios_departamentos` (`idDepartamento`);

--
-- AUTO_INCREMENT de las tablas volcadas
--

--
-- AUTO_INCREMENT de la tabla `articulo`
--
ALTER TABLE `articulo`
  MODIFY `id` int UNSIGNED NOT NULL AUTO_INCREMENT, AUTO_INCREMENT=94;

--
-- AUTO_INCREMENT de la tabla `departamento`
--
ALTER TABLE `departamento`
  MODIFY `id` int UNSIGNED NOT NULL AUTO_INCREMENT, AUTO_INCREMENT=6;

--
-- AUTO_INCREMENT de la tabla `recurso`
--
ALTER TABLE `recurso`
  MODIFY `id` int UNSIGNED NOT NULL AUTO_INCREMENT, AUTO_INCREMENT=61;

--
-- AUTO_INCREMENT de la tabla `usuario`
--
ALTER TABLE `usuario`
  MODIFY `id` int UNSIGNED NOT NULL AUTO_INCREMENT;

--
-- Restricciones para tablas volcadas
--

--
-- Filtros para la tabla `articulo`
--
ALTER TABLE `articulo`
  ADD CONSTRAINT `pk_articulos_departamentos` FOREIGN KEY (`idDepartamento`) REFERENCES `departamento` (`id`);

--
-- Filtros para la tabla `recurso`
--
ALTER TABLE `recurso`
  ADD CONSTRAINT `pk_recursos_articulos` FOREIGN KEY (`idArticulo`) REFERENCES `articulo` (`id`);

--
-- Filtros para la tabla `usuario`
--
ALTER TABLE `usuario`
  ADD CONSTRAINT `pk_usuarios_departamentos` FOREIGN KEY (`idDepartamento`) REFERENCES `departamento` (`id`);
COMMIT;

/*!40101 SET CHARACTER_SET_CLIENT=@OLD_CHARACTER_SET_CLIENT */;
/*!40101 SET CHARACTER_SET_RESULTS=@OLD_CHARACTER_SET_RESULTS */;
/*!40101 SET COLLATION_CONNECTION=@OLD_COLLATION_CONNECTION */;
